period,sugar_world_usd_kg,year,month
1960M01,0.0666,1960,1
1960M02,0.0679,1960,2
1960M03,0.0683,1960,3
1960M04,0.0681,1960,4
1960M05,0.0683,1960,5
1960M06,0.0666,1960,6
1960M07,0.0728,1960,7
1960M08,0.0741,1960,8
1960M09,0.0725,1960,9
1960M10,0.0538,1960,10
1960M11,0.052,1960,11
1960M12,0.0635,1960,12
1961M01,0.0646,1961,1
1961M02,0.0626,1961,2
1961M03,0.0626,1961,3
1961M04,0.0668,1961,4
1961M05,0.0703,1961,5
1961M06,0.0655,1961,6
1961M07,0.0609,1961,7
1961M08,0.0536,1961,8
1961M09,0.0542,1961,9
1961M10,0.0527,1961,10
1961M11,0.0509,1961,11
1961M12,0.0487,1961,12
1962M01,0.0465,1962,1
1962M02,0.0498,1962,2
1962M03,0.0558,1962,3
1962M04,0.0571,1962,4
1962M05,0.0553,1962,5
1962M06,0.0562,1962,6
1962M07,0.0621,1962,7
1962M08,0.0646,1962,8
1962M09,0.0626,1962,9
1962M10,0.0666,1962,10
1962M11,0.0754,1962,11
1962M12,0.0882,1962,12
1963M01,0.1157,1963,1
1963M02,0.1305,1963,2
1963M03,0.1431,1963,3
1963M04,0.1647,1963,4
1963M05,0.2191,1963,5
1963M06,0.2154,1963,6
1963M07,0.1975,1963,7
1963M08,0.1413,1963,8
1963M09,0.1607,1963,9
1963M10,0.2304,1963,10
1963M11,0.2542,1963,11
1963M12,0.2262,1963,12
1964M01,0.231,1964,1
1964M02,0.1991,1964,2
1964M03,0.1612,1964,3
1964M04,0.1711,1964,4
1964M05,0.1545,1964,5
1964M06,0.1155,1964,6
1964M07,0.1034,1964,7
1964M08,0.0933,1964,8
1964M09,0.0783,1964,9
1964M10,0.0769,1964,10
1964M11,0.0725,1964,11
1964M12,0.0591,1964,12
1965M01,0.0513,1965,1
1965M02,0.0476,1965,2
1965M03,0.0534,1965,3
1965M04,0.0512,1965,4
1965M05,0.0496,1965,5
1965M06,0.0412,1965,6
1965M07,0.0408,1965,7
1965M08,0.0377,1965,8
1965M09,0.039,1965,9
1965M10,0.0428,1965,10
1965M11,0.0377,1965,11
1965M12,0.0383,1965,12
1966M01,0.0531,1966,1
1966M02,0.0489,1966,2
1966M03,0.0472,1966,3
1966M04,0.0452,1966,4
1966M05,0.045,1966,5
1966M06,0.037,1966,6
1966M07,0.0379,1966,7
1966M08,0.0359,1966,8
1966M09,0.0329,1966,9
1966M10,0.0337,1966,10
1966M11,0.0311,1966,11
1966M12,0.0298,1966,12
1967M01,0.0287,1967,1
1967M02,0.037,1967,2
1967M03,0.0346,1967,3
1967M04,0.0452,1967,4
1967M05,0.056,1967,5
1967M06,0.0547,1967,6
1967M07,0.037,1967,7
1967M08,0.0362,1967,8
1967M09,0.037,1967,9
1967M10,0.0428,1967,10
1967M11,0.0485,1967,11
1967M12,0.047,1967,12
1968M01,0.0467,1968,1
1968M02,0.0461,1968,2
1968M03,0.0417,1968,3
1968M04,0.0388,1968,4
1968M05,0.0414,1968,5
1968M06,0.0384,1968,6
1968M07,0.0359,1968,7
1968M08,0.0337,1968,8
1968M09,0.0304,1968,9
1968M10,0.039,1968,10
1968M11,0.0509,1968,11
1968M12,0.0602,1968,12
1969M01,0.0635,1969,1
1969M02,0.0688,1969,2
1969M03,0.0774,1969,3
1969M04,0.0805,1969,4
1969M05,0.0805,1969,5
1969M06,0.0803,1969,6
1969M07,0.0765,1969,7
1969M08,0.065,1969,8
1969M09,0.0604,1969,9
1969M10,0.065,1969,10
1969M11,0.067,1969,11
1969M12,0.0622,1969,12
1970M01,0.0791,1970,1
1970M02,0.069,1970,2
1970M03,0.0745,1970,3
1970M04,0.0787,1970,4
1970M05,0.0805,1970,5
1970M06,0.0842,1970,6
1970M07,0.0842,1970,7
1970M08,0.0841,1970,8
1970M09,0.0853,1970,9
1970M10,0.0866,1970,10
1970M11,0.0901,1970,11
1970M12,0.0906,1970,12
1971M01,0.104,1971,1
1971M02,0.1063,1971,2
1971M03,0.1034,1971,3
1971M04,0.1005,1971,4
1971M05,0.0961,1971,5
1971M06,0.0915,1971,6
1971M07,0.092,1971,7
1971M08,0.0937,1971,8
1971M09,0.0879,1971,9
1971M10,0.0928,1971,10
1971M11,0.0935,1971,11
1971M12,0.1275,1971,12
1972M01,0.1741,1972,1
1972M02,0.181,1972,2
1972M03,0.185,1972,3
1972M04,0.156,1972,4
1972M05,0.1462,1972,5
1972M06,0.1395,1972,6
1972M07,0.1225,1972,7
1972M08,0.1378,1972,8
1972M09,0.1558,1972,9
1972M10,0.1633,1972,10
1972M11,0.1604,1972,11
1972M12,0.2017,1972,12
1973M01,0.2072,1973,1
1973M02,0.1979,1973,2
1973M03,0.1933,1973,3
1973M04,0.1982,1973,4
1973M05,0.2001,1973,5
1973M06,0.2067,1973,6
1973M07,0.2098,1973,7
1973M08,0.1977,1973,8
1973M09,0.1977,1973,9
1973M10,0.2096,1973,10
1973M11,0.2235,1973,11
1973M12,0.2612,1973,12
1974M01,0.3342,1974,1
1974M02,0.465,1974,2
1974M03,0.4652,1974,3
1974M04,0.4762,1974,4
1974M05,0.521,1974,5
1974M06,0.5183,1974,6
1974M07,0.5518,1974,7
1974M08,0.6753,1974,8
1974M09,0.7529,1974,9
1974M10,0.8708,1974,10
1974M11,1.2377,1974,11
1974M12,0.9894,1974,12
1975M01,0.8445,1975,1
1975M02,0.7491,1975,2
1975M03,0.582,1975,3
1975M04,0.528,1975,4
1975M05,0.3909,1975,5
1975M06,0.3009,1975,6
1975M07,0.368,1975,7
1975M08,0.4102,1975,8
1975M09,0.3417,1975,9
1975M10,0.3101,1975,10
1975M11,0.2969,1975,11
1975M12,0.2908,1975,12
1976M01,0.3091,1976,1
1976M02,0.2976,1976,2
1976M03,0.3261,1976,3
1976M04,0.3097,1976,4
1976M05,0.3206,1976,5
1976M06,0.2864,1976,6
1976M07,0.2912,1976,7
1976M08,0.2209,1976,8
1976M09,0.1792,1976,9
1976M10,0.177,1976,10
1976M11,0.1737,1976,11
1976M12,0.1664,1976,12
1977M01,0.1839,1977,1
1977M02,0.1894,1977,2
1977M03,0.198,1977,3
1977M04,0.2213,1977,4
1977M05,0.1986,1977,5
1977M06,0.1735,1977,6
1977M07,0.1629,1977,7
1977M08,0.1678,1977,8
1977M09,0.1612,1977,9
1977M10,0.1563,1977,10
1977M11,0.1559,1977,11
1977M12,0.1784,1977,12
1978M01,0.1933,1978,1
1978M02,0.187,1978,2
1978M03,0.1706,1978,3
1978M04,0.1673,1978,4
1978M05,0.1616,1978,5
1978M06,0.1594,1978,6
1978M07,0.1418,1978,7
1978M08,0.1561,1978,8
1978M09,0.1801,1978,9
1978M10,0.1975,1978,10
1978M11,0.1766,1978,11
1978M12,0.1764,1978,12
1979M01,0.1669,1979,1
1979M02,0.1814,1979,2
1979M03,0.1865,1979,3
1979M04,0.1724,1979,4
1979M05,0.1731,1979,5
1979M06,0.1795,1979,6
1979M07,0.1878,1979,7
1979M08,0.1956,1979,8
1979M09,0.2182,1979,9
1979M10,0.262,1979,10
1979M11,0.303,1979,11
1979M12,0.329,1979,12
1980M01,0.381,1980,1
1980M02,0.5,1980,2
1980M03,0.433,1980,3
1980M04,0.468,1980,4
1980M05,0.6816,1980,5
1980M06,0.679,1980,6
1980M07,0.609,1980,7
1980M08,0.7028,1980,8
1980M09,0.7649,1980,9
1980M10,0.894,1980,10
1980M11,0.833,1980,11
1980M12,0.633,1980,12
1981M01,0.616,1981,1
1981M02,0.532,1981,2
1981M03,0.4966,1981,3
1981M04,0.3931,1981,4
1981M05,0.3305,1981,5
1981M06,0.361,1981,6
1981M07,0.3602,1981,7
1981M08,0.33,1981,8
1981M09,0.2568,1981,9
1981M10,0.2655,1981,10
1981M11,0.2622,1981,11
1981M12,0.2851,1981,12
1982M01,0.2862,1982,1
1982M02,0.2884,1982,2
1982M03,0.2484,1982,3
1982M04,0.2103,1982,4
1982M05,0.1792,1982,5
1982M06,0.151,1982,6
1982M07,0.1726,1982,7
1982M08,0.149,1982,8
1982M09,0.13,1982,9
1982M10,0.1302,1982,10
1982M11,0.1433,1982,11
1982M12,0.1391,1982,12
1983M01,0.1327,1983,1
1983M02,0.1417,1983,2
1983M03,0.1367,1983,3
1983M04,0.1479,1983,4
1983M05,0.2036,1983,5
1983M06,0.2368,1983,6
1983M07,0.2321,1983,7
1983M08,0.2328,1983,8
1983M09,0.2079,1983,9
1983M10,0.2147,1983,10
1983M11,0.1836,1983,11
1983M12,0.1702,1983,12
1984M01,0.1536,1984,1
1984M02,0.1462,1984,2
1984M03,0.1415,1984,3
1984M04,0.1325,1984,4
1984M05,0.1241,1984,5
1984M06,0.1217,1984,6
1984M07,0.1001,1984,7
1984M08,0.089,1984,8
1984M09,0.0904,1984,9
1984M10,0.1025,1984,10
1984M11,0.0961,1984,11
1984M12,0.0783,1984,12
1985M01,0.0796,1985,1
1985M02,0.0816,1985,2
1985M03,0.0844,1985,3
1985M04,0.0754,1985,4
1985M05,0.0622,1985,5
1985M06,0.0613,1985,6
1985M07,0.0708,1985,7
1985M08,0.0968,1985,8
1985M09,0.1129,1985,9
1985M10,0.1105,1985,10
1985M11,0.1208,1985,11
1985M12,0.1173,1985,12
1986M01,0.1067,1986,1
1986M02,0.1235,1986,2
1986M03,0.1533,1986,3
1986M04,0.1837,1986,4
1986M05,0.1691,1986,5
1986M06,0.1401,1986,6
1986M07,0.1224,1986,7
1986M08,0.1228,1986,8
1986M09,0.1032,1986,9
1986M10,0.1188,1986,10
1986M11,0.131,1986,11
1986M12,0.1259,1986,12
1987M01,0.1431,1987,1
1987M02,0.1626,1987,2
1987M03,0.1665,1987,3
1987M04,0.1472,1987,4
1987M05,0.1484,1987,5
1987M06,0.142,1987,6
1987M07,0.1345,1987,7
1987M08,0.1238,1987,8
1987M09,0.1283,1987,9
1987M10,0.1466,1987,10
1987M11,0.1616,1987,11
1987M12,0.1829,1987,12
1988M01,0.2131,1988,1
1988M02,0.1858,1988,2
1988M03,0.1878,1988,3
1988M04,0.1883,1988,4
1988M05,0.1962,1988,5
1988M06,0.233,1988,6
1988M07,0.3092,1988,7
1988M08,0.2457,1988,8
1988M09,0.224,1988,9
1988M10,0.2266,1988,10
1988M11,0.239,1988,11
1988M12,0.2473,1988,12
1989M01,0.2127,1989,1
1989M02,0.2324,1989,2
1989M03,0.2544,1989,3
1989M04,0.2681,1989,4
1989M05,0.2641,1989,5
1989M06,0.2787,1989,6
1989M07,0.309,1989,7
1989M08,0.3086,1989,8
1989M09,0.3115,1989,9
1989M10,0.3184,1989,10
1989M11,0.3312,1989,11
1989M12,0.2956,1989,12
1990M01,0.313,1990,1
1990M02,0.3229,1990,2
1990M03,0.3386,1990,3
1990M04,0.336,1990,4
1990M05,0.3225,1990,5
1990M06,0.286,1990,6
1990M07,0.2643,1990,7
1990M08,0.241,1990,8
1990M09,0.243,1990,9
1990M10,0.2164,1990,10
1990M11,0.2217,1990,11
1990M12,0.2147,1990,12
1991M01,0.1941,1991,1
1991M02,0.1876,1991,2
1991M03,0.2015,1991,3
1991M04,0.1875,1991,4
1991M05,0.1671,1991,5
1991M06,0.2028,1991,6
1991M07,0.2273,1991,7
1991M08,0.2086,1991,8
1991M09,0.2048,1991,9
1991M10,0.2011,1991,10
1991M11,0.1903,1991,11
1991M12,0.1984,1991,12
1992M01,0.1833,1992,1
1992M02,0.1728,1992,2
1992M03,0.1812,1992,3
1992M04,0.2086,1992,4
1992M05,0.2114,1992,5
1992M06,0.2284,1992,6
1992M07,0.2273,1992,7
1992M08,0.2162,1992,8
1992M09,0.2053,1992,9
1992M10,0.192,1992,10
1992M11,0.1889,1992,11
1992M12,0.1797,1992,12
1993M01,0.1817,1993,1
1993M02,0.1887,1993,2
1993M03,0.2341,1993,3
1993M04,0.2458,1993,4
1993M05,0.2608,1993,5
1993M06,0.2291,1993,6
1993M07,0.2134,1993,7
1993M08,0.2059,1993,8
1993M09,0.2103,1993,9
1993M10,0.2269,1993,10
1993M11,0.2231,1993,11
1993M12,0.2319,1993,12
1994M01,0.2271,1994,1
1994M02,0.2385,1994,2
1994M03,0.2586,1994,3
1994M04,0.2427,1994,4
1994M05,0.2553,1994,5
1994M06,0.2657,1994,6
1994M07,0.2596,1994,7
1994M08,0.2668,1994,8
1994M09,0.2777,1994,9
1994M10,0.2811,1994,10
1994M11,0.3073,1994,11
1994M12,0.3234,1994,12
1995M01,0.3254,1995,1
1995M02,0.3177,1995,2
1995M03,0.3217,1995,3
1995M04,0.302,1995,4
1995M05,0.2981,1995,5
1995M06,0.3091,1995,6
1995M07,0.2996,1995,7
1995M08,0.2862,1995,8
1995M09,0.2577,1995,9
1995M10,0.2604,1995,10
1995M11,0.2641,1995,11
1995M12,0.2714,1995,12
1996M01,0.2762,1996,1
1996M02,0.2824,1996,2
1996M03,0.2846,1996,3
1996M04,0.2641,1996,4
1996M05,0.2511,1996,5
1996M06,0.2683,1996,6
1996M07,0.2824,1996,7
1996M08,0.2727,1996,8
1996M09,0.2628,1996,9
1996M10,0.2452,1996,10
1996M11,0.2363,1996,11
1996M12,0.2368,1996,12
1997M01,0.2357,1997,1
1997M02,0.2383,1997,2
1997M03,0.2449,1997,3
1997M04,0.2491,1997,4
1997M05,0.2447,1997,5
1997M06,0.252,1997,6
1997M07,0.2474,1997,7
1997M08,0.2579,1997,8
1997M09,0.2498,1997,9
1997M10,0.2509,1997,10
1997M11,0.2648,1997,11
1997M12,0.2723,1997,12
1998M01,0.254,1998,1
1998M02,0.2363,1998,2
1998M03,0.2169,1998,3
1998M04,0.2134,1998,4
1998M05,0.2035,1998,5
1998M06,0.1786,1998,6
1998M07,0.1901,1998,7
1998M08,0.1882,1998,8
1998M09,0.1594,1998,9
1998M10,0.1645,1998,10
1998M11,0.1777,1998,11
1998M12,0.1781,1998,12
1999M01,0.1788,1999,1
1999M02,0.1504,1999,2
1999M03,0.1329,1999,3
1999M04,0.1195,1999,4
1999M05,0.1263,1999,5
1999M06,0.1332,1999,6
1999M07,0.1186,1999,7
1999M08,0.1263,1999,8
1999M09,0.147,1999,9
1999M10,0.1488,1999,10
1999M11,0.1435,1999,11
1999M12,0.1318,1999,12
2000M01,0.1241,2000,1
2000M02,0.1173,2000,2
2000M03,0.1127,2000,3
2000M04,0.1325,2000,4
2000M05,0.1526,2000,5
2000M06,0.1845,2000,6
2000M07,0.2125,2000,7
2000M08,0.2302,2000,8
2000M09,0.2211,2000,9
2000M10,0.237,2000,10
2000M11,0.2189,2000,11
2000M12,0.2209,2000,12
2001M01,0.2275,2001,1
2001M02,0.2176,2001,2
2001M03,0.2044,2001,3
2001M04,0.1939,2001,4
2001M05,0.2113,2001,5
2001M06,0.1993,2001,6
2001M07,0.1938,2001,7
2001M08,0.1788,2001,8
2001M09,0.1662,2001,9
2001M10,0.1497,2001,10
2001M11,0.1695,2001,11
2001M12,0.1727,2001,12
2002M01,0.1713,2002,1
2002M02,0.1437,2002,2
2002M03,0.1477,2002,3
2002M04,0.1519,2002,4
2002M05,0.134,2002,5
2002M06,0.1268,2002,6
2002M07,0.1409,2002,7
2002M08,0.1387,2002,8
2002M09,0.1534,2002,9
2002M10,0.1656,2002,10
2002M11,0.1726,2002,11
2002M12,0.1753,2002,12
2003M01,0.1805584,2003,1
2003M02,0.1986363,2003,2
2003M03,0.1814402,2003,3
2003M04,0.1708581,2003,4
2003M05,0.1580713,2003,5
2003M06,0.1483709,2003,6
2003M07,0.150796,2003,7
2003M08,0.1505755,2003,8
2003M09,0.1318363,2003,9
2003M10,0.1320567,2003,10
2003M11,0.1340409,2003,11
2003M12,0.138383,2003,12
2004M01,0.128088422,2004,1
2004M02,0.128749808,2004,2
2004M03,0.142418452,2004,3
2004M04,0.145063996,2004,4
2004M05,0.139772908,2004,5
2004M06,0.152780166,2004,6
2004M07,0.174385442,2004,7
2004M08,0.166969902,2004,8
2004M09,0.169535278,2004,9
2004M10,0.18629039,2004,10
2004M11,0.179896992,2004,11
2004M12,0.18188115,2004,12
2005M01,0.192242864,2005,1
2005M02,0.20062042,2005,2
2005M03,0.195770256,2005,3
2005M04,0.189376858,2005,4
2005M05,0.189376858,2005,5
2005M06,0.19951811,2005,6
2005M07,0.212525368,2005,7
2005M08,0.218918766,2005,8
2005M09,0.227296322,2005,9
2005M10,0.245153744,2005,10
2005M11,0.250885756,2005,11
2005M12,0.293434922,2005,12
2006M01,0.34722765,2006,1
2006M02,0.397713448,2006,2
2006M03,0.380076488,2006,3
2006M04,0.385588038,2006,4
2006M05,0.370817084,2006,5
2006M06,0.33951148,2006,6
2006M07,0.35384151,2006,7
2006M08,0.29797835626,2006,8
2006M09,0.266318096,2006,9
2006M10,0.256617768,2006,10
2006M11,0.259704236,2006,11
2006M12,0.255074534,2006,12
2007M01,0.24140589,2007,1
2007M02,0.233028334,2007,2
2007M03,0.230162328,2007,3
2007M04,0.214289064,2007,4
2007M05,0.207895666,2007,5
2007M06,0.204809198,2007,6
2007M07,0.224430316,2007,7
2007M08,0.216273222,2007,8
2007M09,0.215170912,2007,9
2007M10,0.220462,2007,10
2007M11,0.22266662,2007,11
2007M12,0.235232954,2007,12
2008M01,0.263893014,2008,1
2008M02,0.297844162,2008,2
2008M03,0.29100984,2008,3
2008M04,0.276900272,2008,4
2008M05,0.266097634,2008,5
2008M06,0.267420406,2008,6
2008M07,0.313717426,2008,7
2008M08,0.322094982,2008,8
2008M09,0.298285086,2008,9
2008M10,0.26234978,2008,10
2008M11,0.266979482,2008,11
2008M12,0.25904285,2008,12
2009M01,0.277561658,2009,1
2009M02,0.292553074,2009,2
2009M03,0.29541908,2009,3
2009M04,0.30093063,2009,4
2009M05,0.353621048,2009,5
2009M06,0.362219066,2009,6
2009M07,0.406311466,2009,7
2009M08,0.494716728,2009,8
2009M09,0.508385372,2009,9
2009M10,0.499125968,2009,10
2009M11,0.490748412,2009,11
2009M12,0.518747086,2009,12
2010M01,0.583562914,2010,1
2010M02,0.559753018,2010,2
2010M03,0.411382092,2010,3
2010M04,0.36265999,2010,4
2010M05,0.33510224,2010,5
2010M06,0.350093656,2010,6
2010M07,0.384926652,2010,7
2010M08,0.408075162,2010,8
2010M09,0.496259962,2010,9
2010M10,0.542556982,2010,10
2010M11,0.58091737,2010,11
2010M12,0.616872718,2010,12
2011M01,0.652787982,2011,1
2011M02,0.649701514,2011,2
2011M03,0.578492288,2011,3
2011M04,0.537045432,2011,4
2011M05,0.48391409,2011,5
2011M06,0.555784702,2011,6
2011M07,0.622143764,2011,7
2011M08,0.61178205,2011,8
2011M09,0.587751692,2011,9
2011M10,0.56107579,2011,10
2011M11,0.529549724,2011,11
2011M12,0.507944448,2011,12
2012M01,0.519408472,2012,1
2012M02,0.531754344,2012,2
2012M03,0.53131342,2012,3
2012M04,0.50155105,2012,4
2012M05,0.458781422,2012,5
2012M06,0.451285714,2012,6
2012M07,0.504417056,2012,7
2012M08,0.460324656,2012,8
2012M09,0.44065712495,2012,9
2012M10,0.44778707791,2012,10
2012M11,0.42635251162,2012,11
2012M12,0.425712122,2012,12
2013M01,0.416101983,2013,1
2013M02,0.40283306556,2013,2
2013M03,0.40773866737,2013,3
2013M04,0.392512549,2013,4
2013M05,0.38851417,2013,5
2013M06,0.3768356966,2013,6
2013M07,0.371187861,2013,7
2013M08,0.37548687,2013,8
2013M09,0.3835928569,2013,9
2013M10,0.41145877443,2013,10
2013M11,0.38937788476,2013,11
2013M12,0.36489610457,2013,12
2014M01,0.344582106,2014,1
2014M02,0.366187382,2014,2
2014M03,0.39462698,2014,3
2014M04,0.39132005,2014,4
2014M05,0.402784074,2014,5
2014M06,0.400579454,2014,6
2014M07,0.402563612,2014,7
2014M08,0.379635564,2014,8
2014M09,0.353400586,2014,9
2014M10,0.36927385,2014,10
2014M11,0.356927978,2014,11
2014M12,0.337968246,2014,12
2015M01,0.338188708,2015,1
2015M02,0.321654058,2015,2
2015M03,0.290127992,2015,3
2015M04,0.288364296,2015,4
2015M05,0.294096308,2015,5
2015M06,0.274695652,2015,6
2015M07,0.282852746,2015,7
2015M08,0.2535313,2015,8
2015M09,0.261467932,2015,9
2015M10,0.306662642,2015,10
2015M11,0.32077221,2015,11
2015M12,0.322756368,2015,12
2016M01,0.30974911,2016,1
2016M02,0.292773536,2016,2
2016M03,0.340393328,2016,3
2016M04,0.335763626,2016,4
2016M05,0.375005862,2016,5
2016M06,0.42879859,2016,6
2016M07,0.43210552,2016,7
2016M08,0.443790006,2016,8
2016M09,0.474654686,2016,9
2016M10,0.489866564,2016,10
2016M11,0.446215088,2016,11
2016M12,0.407634238,2016,12
2017M01,0.448199246,2017,1
2017M02,0.447317398,2017,2
2017M03,0.398595296,2017,3
2017M04,0.362880452,2017,4
2017M05,0.354061972,2017,5
2017M06,0.30644218,2017,6
2017M07,0.322315444,2017,7
2017M08,0.316803894,2017,8
2017M09,0.317244818,2017,9
2017M10,0.316142508,2017,10
2017M11,0.330472538,2017,11
2017M12,0.317024356,2017,12
2018M01,0.310630958,2018,1
2018M02,0.298946472,2018,2
2018M03,0.275136576,2018,3
2018M04,0.265215786,2018,4
2018M05,0.27227057,2018,5
2018M06,0.2755775,2018,6
2018M07,0.258381464,2018,7
2018M08,0.244492358,2018,8
2018M09,0.250665294,2018,9
2018M10,0.292773536,2018,10
2018M11,0.28439598,2018,11
2018M12,0.27888443,2018,12
2019M01,0.281970898,2019,1
2019M02,0.286159676,2019,2
2019M03,0.280207202,2019,3
2019M04,0.282411822,2019,4
2019M05,0.27337288,2019,5
2019M06,0.284836904,2019,6
2019M07,0.282852746,2019,7
2019M08,0.271609184,2019,8
2019M09,0.261908856,2019,9
2019M10,0.277120734,2019,10
2019M11,0.28219136,2019,11
2019M12,0.295639542,2019,12
2020M01,0.31195373,2020,1
2020M02,0.325842836,2020,2
2020M03,0.260806546,2020,3
2020M04,0.225091702,2020,4
2020M05,0.241626352,2020,5
2020M06,0.26675902,2020,6
2020M07,0.270727336,2020,7
2020M08,0.28880522,2020,8
2020M09,0.281309512,2020,9
2020M10,0.302694326,2020,10
2020M11,0.311512806,2020,11
2020M12,0.310410496,2020,12
2021M01,0.335543164,2021,1
2021M02,0.356927978,2021,2
2021M03,0.342597948,2021,3
2021M04,0.356266592,2021,4
2021M05,0.380517412,2021,5
2021M06,0.383824342,2021,6
2021M07,0.39021774,2021,7
2021M08,0.429459976,2021,8
2021M09,0.431664596,2021,9
2021M10,0.424168888,2021,10
2021M11,0.428137204,2021,11
2021M12,0.415350408,2021,12
2022M01,0.401681764,2022,1
2022M02,0.393745132,2022,2
2022M03,0.41998011,2022,3
2022M04,0.433428292,2022,4
2022M05,0.42879859,2022,5
2022M06,0.41777549,2022,6
2022M07,0.402784074,2022,7
2022M08,0.39352467,2022,8
2022M09,0.390658664,2022,9
2022M10,0.38691081,2022,10
2022M11,0.407413776,2022,11
2022M12,0.417334566,2022,12
2023M01,0.416011794,2023,1
2023M02,0.445994626,2023,2
2023M03,0.452388024,2023,3
2023M04,0.532195268,2023,4
2023M05,0.55997348,2023,5
2023M06,0.542116058,2023,6
2023M07,0.521172168,2023,7
2023M08,0.52800649,2023,8
2023M09,0.579594598,2023,9
2023M10,0.567028264,2023,10
2023M11,0.574964896,2023,11
2023M12,0.478182078,2023,12
2024M01,0.484575476,2024,1
2024M02,0.50155105,2024,2
2024M03,0.47509561,2024,3
2024M04,0.451065252,2024,4
2024M05,0.41777549,2024,5
2024M06,0.425271198,2024,6
2024M07,0.425932584,2024,7
2024M08,0.40565008,2024,8
2024M09,0.447978784,2024,9
2024M10,0.461647428,2024,10
2024M11,0.450403866,2024,11
2024M12,0.436294298,2024,12
